Miembro CM;Perfil;Clase;Gender
PabloIglesias;Agenda2030Esp;Política;no
PabloIglesias;antonlosada;Universidad;H
PabloIglesias;dfuentescastro;Universidad;H
PabloIglesias;EstefaniaJoaq;Periodismo;H
PabloIglesias;Ander_Gil;Política;H
PabloIglesias;kanciller;Universidad;H
PabloIglesias;AntonioMaestre;Periodismo;H
PabloIglesias;Adrilastra;Política;M
PabloIglesias;pmklose;Universidad;H
PabloIglesias;jmarcos78;Periodismo;H
PabloIglesias;nuriamarinlh;Periodismo;M
PabloIglesias;abalosmeco;Gob;H
PabloIglesias;_anapastor_;Periodismo;M
PabloIglesias;juralde;Política;H
PabloIglesias;Congreso_Es;Institución;H
PabloIglesias;manuelrico;Literatura;H
PabloIglesias;miqueliceta;Política;H
PabloIglesias;VilaSilva;Literatura;H
PabloIglesias;LuciaMendezEM;Periodismo;M
PabloIglesias;InesArrimadas;Política;M
PabloIglesias;Ruiz_Noticias;Periodismo;H
PabloIglesias;ctxt_es;Periodismo;no
PabloIglesias;equipoGabilondo;Política;H
PabloIglesias;VickyRosell;Judicatura;M
PabloIglesias;japtapias;Política;H
PabloIglesias;IsaiasLafuente;Periodismo;H
PabloIglesias;sorayasds;Política;M
PabloIglesias;sanchezcastejon;Gob;H
PabloIglesias;ManuelaCarmena;Política;M
PabloIglesias;EduMadina;Política;H
PabloIglesias;manueljabois;Periodismo;H
PabloIglesias;sextaNoticias;Periodismo;no
PabloIglesias;EnricJuliana;Periodismo;H
PabloIglesias;IreneMontero;Gob;M
PabloIglesias;marianorajoy;Política;H
PabloIglesias;IratxeGarper;Política;M
PabloIglesias;elmundoes;Periodismo;no
PabloIglesias;PSOE;Política;no
PabloIglesias;La_SER;Periodismo;no
PabloIglesias;CasaReal;Institución;no
PabloIglesias;gerardotc;Periodismo;H
PabloIglesias;PepaBueno;Periodismo;M
PabloIglesias;MistralS;Periodismo;M
PabloIglesias;pmarsupia;Periodismo;H
PabloIglesias;Lagarde;Política;M
PabloIglesias;LluisOrriols;Universidad;H
PabloIglesias;Albert_Rivera;Política;H
PabloIglesias;publico_es;Periodismo;no
PabloIglesias;julia_otero;Periodismo;M
PabloIglesias;Yolanda_Diaz_;Gob;M
PabloIglesias;pardodevera;Periodismo;M
PabloIglesias;aliciaguti;Periodismo;M
PabloIglesias;antonigr;Consultor;H
PabloIglesias;CristinaNarbona;Política;M
PabloIglesias;JesusCintora;Periodismo;H
PabloIglesias;CarmenMonton;Política;M
PabloIglesias;AdaColau;Política;M
PabloIglesias;MartaNebot;Periodismo;M
PabloIglesias;JuanMoscosodelP;Economía;M
PabloIglesias;BelenBarreiro_;sociología;M
PabloIglesias;carmechacon;Política;M
PabloIglesias;DebatAlRojoVivo;Periodismo;no
PabloIglesias;estherpalomera;Periodismo;M
PabloIglesias;JATorresMora;Política;H
PabloIglesias;GFVara;Política;H
PabloIglesias;Programas_PSOE;Política;no
PabloIglesias;AHRodicio;Periodismo;H
PabloIglesias;anabeldn;Periodismo;M
PabloIglesias;MontDeMont;Periodismo;M
PabloIglesias;mariagv;Política;M
PabloIglesias;javiersolana;Política;H
PabloIglesias;monicaoltra;Política;M
PabloIglesias;lgm_com;Literatura;H
PabloIglesias;forges;Humor;H
PabloIglesias;Fgarea;Periodismo;H
PabloIglesias;carlosecue;Periodismo;H
PabloIglesias;elisabeni;Periodismo;M
PabloIglesias;Pedro_Zerolo;Política;H
PabloIglesias;radiocable;Periodismo;H
PabloIglesias;_Rubalcaba_;Política;H
PabloIglesias;Pevelasco;Periodismo;M
PabloIglesias;jesusmarana;Periodismo;H
PabloIglesias;Buenafuente;Humor;H
PabloIglesias;jordievole;Periodismo;H
PabloIglesias;agarzon;Gob;H
PabloIglesias;iescolar;Periodismo;H
sanchezcastejon;CasaReal;Institución;no
sanchezcastejon;guardiacivil;Institución;no
sanchezcastejon;mitecogob;Institución;no
sanchezcastejon;MarotoReyes;Gob;M
sanchezcastejon;Haciendagob;Institución;no
sanchezcastejon;_minecogob;Institución;no
sanchezcastejon;justiciagob;Institución;no
sanchezcastejon;M_Presidencia;Institución;no
sanchezcastejon;mapagob;Institución;no
sanchezcastejon;MAECgob;Institución;no
sanchezcastejon;sanidadgob;Institución;no
sanchezcastejon;interiorgob;Institución;no
sanchezcastejon;JosepBorrellF;Política;H
sanchezcastejon;maoliverf;Periodismo;H
sanchezcastejon;desdelamoncloa;Institución;no
sanchezcastejon;astro_duque;Gob;H
sanchezcastejon;MMAROTOVA;Política;M
sanchezcastejon;CelaaIsabel;Gob;M
sanchezcastejon;mjmonteroc;Gob;M
sanchezcastejon;NadiaCalvino;Gob;M
sanchezcastejon;dfuentescastro;Universidad;H
sanchezcastejon;luisacarcedo;Política;M
sanchezcastejon;Jccampm;Gob;H
sanchezcastejon;MistralS;Periodismo;M
sanchezcastejon;AmparoRubiales;Política;M
sanchezcastejon;JoaquimBoschGra;Judicatura;H
sanchezcastejon;LaVanguardia;Periodismo;no
sanchezcastejon;AntonioMaestre;Periodismo;H
sanchezcastejon;carmencalvo_;Gob;M
sanchezcastejon;EstefaniaJoaq;Periodismo;H
sanchezcastejon;manueljabois;Periodismo;H
sanchezcastejon;Senadoesp;Institución;no
sanchezcastejon;AdaColau;Política;M
sanchezcastejon;ManuelaCarmena;Política;M
sanchezcastejon;marianorajoy;Política;H
sanchezcastejon;IreneMontero;Gob;M
sanchezcastejon;elmundotoday;Humor;no
sanchezcastejon;VilaSilva;Literatura;H
sanchezcastejon;meritxell_batet;Política;M
sanchezcastejon;elmundoes;Periodismo;no
sanchezcastejon;elperiodico;Periodismo;no
sanchezcastejon;CSIC;Institución;no
sanchezcastejon;PuriCausapi;Política;M
sanchezcastejon;PabloIglesias;Gob;H
sanchezcastejon;joanbaldovi;Política;H
sanchezcastejon;jmarcos78;Periodismo;H
sanchezcastejon;rtve;Institución;no
sanchezcastejon;IsaiasLafuente;Periodismo;H
sanchezcastejon;EnricJuliana;Periodismo;H
sanchezcastejon;kanciller;Universidad;H
sanchezcastejon;lgm_com;Literatura;H
sanchezcastejon;elconfidencial;Periodismo;no
sanchezcastejon;LluisOrriols;Universidad;H
sanchezcastejon;basteiro;Periodismo;H
sanchezcastejon;pmklose;Universidad;H
sanchezcastejon;forges;Humor;H
sanchezcastejon;LuciaMendezEM;Periodismo;M
sanchezcastejon;nuriamarinlh;Periodismo;M
sanchezcastejon;equipoGabilondo;Política;H
sanchezcastejon;elespanolcom;Periodismo;no
sanchezcastejon;cristina_pardo;Periodismo;M
sanchezcastejon;pmarsupia;Periodismo;H
sanchezcastejon;policia;Institución;no
sanchezcastejon;Socialistas_PE;Política;no
sanchezcastejon;miqueliceta;Política;H
sanchezcastejon;radiocable;Periodismo;H
sanchezcastejon;EFEnoticias;Periodismo;no
sanchezcastejon;sevillajordi;Política;H
sanchezcastejon;maximohuerta;Periodismo;H
sanchezcastejon;DebatAlRojoVivo;Periodismo;no
sanchezcastejon;CarlaAntonelli;Política;M
sanchezcastejon;patxilopez;Política;H
sanchezcastejon;susanadiaz;Política;M
sanchezcastejon;Ibangarciadb;Política;H
sanchezcastejon;JATorresMora;Política;H
sanchezcastejon;monicaoltra;Política;M
sanchezcastejon;nuriaparlon;Política;M
sanchezcastejon;PiliCancela;Política;M
sanchezcastejon;javiersolana;Política;H
sanchezcastejon;luzseijo;Política;M
sanchezcastejon;F_Armengol;Política;M
sanchezcastejon;LuisPlanas;Gob;H
sanchezcastejon;Moran_Fernandez;Política;H
sanchezcastejon;ComisionEuropea;Institución;no
sanchezcastejon;SSumelzo;Política;M
sanchezcastejon;Albert_Rivera;Política;H
sanchezcastejon;SocialistesVal;Política;no
sanchezcastejon;Teresaribera;Gob;M
sanchezcastejon;CristinaNarbona;Política;M
sanchezcastejon;Congreso_Es;Institución;H
sanchezcastejon;PepaBueno;Periodismo;M
sanchezcastejon;IratxeGarper;Política;M
sanchezcastejon;odonelorza2011;Política;H
sanchezcastejon;MartaNebot;Periodismo;M
sanchezcastejon;jmoisesmartin;Economía;H
sanchezcastejon;sorayasds;Política;M
sanchezcastejon;isauralealf;Política;M
sanchezcastejon;aliciaguti;Periodismo;M
sanchezcastejon;eldiarioes;Periodismo;no
sanchezcastejon;MontDeMont;Periodismo;M
sanchezcastejon;gpscongreso;Política;no
sanchezcastejon;JesusCintora;Periodismo;H
sanchezcastejon;agarzon;Gob;H
sanchezcastejon;jmrdezuribes;Gob;H
sanchezcastejon;RodriguezPinero;Política;M
sanchezcastejon;mvalerio_gu;Política;M
sanchezcastejon;abalosmeco;Gob;H
sanchezcastejon;antonigr;Consultor;H
sanchezcastejon;Ruiz_Noticias;Periodismo;H
sanchezcastejon;BelenBarreiro_;sociología;M
sanchezcastejon;SimancasRafael;Política;H
sanchezcastejon;franciscopolo;Política;H
sanchezcastejon;carmechacon;Política;M
sanchezcastejon;ximopuig;Política;H
sanchezcastejon;anabeldn;Periodismo;M
sanchezcastejon;Lagarde;Política;M
sanchezcastejon;jaumecollboni;Política;H
sanchezcastejon;CarmenMonton;Política;M
sanchezcastejon;Apapell;Periodismo;H
sanchezcastejon;BeatrizCorredor;Política;M
sanchezcastejon;japtapias;Política;H
sanchezcastejon;PmOlmos;Política;H
sanchezcastejon;_Rubalcaba_;Política;H
sanchezcastejon;gomezdcelis;Política;H
sanchezcastejon;ccarnicero;Periodismo;H
sanchezcastejon;AHRodicio;Periodismo;H
sanchezcastejon;mincoturgob;Institución;no
sanchezcastejon;GLlamazares;Política;H
sanchezcastejon;arsenioescolar;Periodismo;H
sanchezcastejon;elpais_espana;Periodismo;no
sanchezcastejon;fomentogob;Institución;no
sanchezcastejon;Fgarea;Periodismo;H
sanchezcastejon;gpssenado;Política;no
sanchezcastejon;julia_otero;Periodismo;M
sanchezcastejon;oscar_puente_;Periodismo;H
sanchezcastejon;Adrilastra;Política;M
sanchezcastejon;Ander_Gil;Política;H
sanchezcastejon;Programas_PSOE;Política;no
sanchezcastejon;abrilalvaro;Política;H
sanchezcastejon;AngelsBarcelo;Periodismo;M
sanchezcastejon;jesusmarana;Periodismo;H
sanchezcastejon;Pevelasco;Periodismo;M
sanchezcastejon;carlosecue;Periodismo;H
sanchezcastejon;AAlvarezAlvarez;Política;M
sanchezcastejon;elisabeni;Periodismo;M
sanchezcastejon;oscarlopeztwit;Política;H
sanchezcastejon;empleogob;Institución;no
sanchezcastejon;pedroblancoa;Periodismo;H
sanchezcastejon;antonlosada;Universidad;H
sanchezcastejon;pardodevera;Periodismo;M
sanchezcastejon;PSOE;Política;no
sanchezcastejon;GFVara;Política;H
sanchezcastejon;cesarluena;Política;H
sanchezcastejon;Pedro_Zerolo;Política;H
sanchezcastejon;el_pais;Periodismo;no
sanchezcastejon;publico_es;Periodismo;no
sanchezcastejon;La_SER;Periodismo;no
sanchezcastejon;JuanMoscosodelP;Economía;M
sanchezcastejon;iurquizu;Política;H
sanchezcastejon;mariagv;Política;M
sanchezcastejon;JoseantonioJun;Política;H
sanchezcastejon;iescolar;Periodismo;H
sanchezcastejon;manuelrico;Literatura;H
agarzon;Jccampm;Gob;H
agarzon;jmrdezuribes;Gob;H
agarzon;antonlosada;Universidad;H
agarzon;NadiaCalvino;Gob;M
agarzon;pardodevera;Periodismo;M
agarzon;carmencalvo_;Gob;M
agarzon;susanadiaz;Política;M
agarzon;MazzucatoM;Universidad;M
agarzon;jmarcos78;Periodismo;H
agarzon;mvalerio_gu;Política;M
agarzon;Teresaribera;Gob;M
agarzon;astro_duque;Gob;H
agarzon;JoaquimBoschGra;Judicatura;H
agarzon;LluisOrriols;Universidad;H
agarzon;dfuentescastro;Universidad;H
agarzon;IreneMontero;Gob;M
agarzon;CSIC;Institución;no
agarzon;ctxt_es;Periodismo;no
agarzon;pmarsupia;Periodismo;H
agarzon;EstefaniaJoaq;Periodismo;H
agarzon;ManuelaCarmena;Política;M
agarzon;manuelrico;Literatura;H
agarzon;radiocable;Periodismo;H
agarzon;EnricJuliana;Periodismo;H
agarzon;_Rubalcaba_;Política;H
agarzon;arsenioescolar;Periodismo;H
agarzon;carmechacon;Política;M
agarzon;jesusmarana;Periodismo;H
agarzon;sextaNoticias;Periodismo;no
agarzon;elmundoes;Periodismo;no
agarzon;Ruiz_Noticias;Periodismo;H
agarzon;CarmenMonton;Política;M
agarzon;EFEnoticias;Periodismo;no
agarzon;elmundotoday;Humor;no
agarzon;kanciller;Universidad;H
agarzon;elperiodico;Periodismo;no
agarzon;MistralS;Periodismo;M
agarzon;gerardotc;Periodismo;H
agarzon;BelenBarreiro_;sociología;M
agarzon;maximohuerta;Periodismo;H
agarzon;sanchezcastejon;Gob;H
agarzon;La_SER;Periodismo;no
agarzon;empleogob;Institución;no
agarzon;basteiro;Periodismo;H
agarzon;PepaBueno;Periodismo;M
agarzon;AHRodicio;Periodismo;H
agarzon;IsaiasLafuente;Periodismo;H
agarzon;JesusCintora;Periodismo;H
agarzon;Haciendagob;Institución;no
agarzon;Congreso_Es;Institución;H
agarzon;cesarluena;Política;H
agarzon;pedroblancoa;Periodismo;H
agarzon;MontDeMont;Periodismo;M
agarzon;AdaColau;Política;M
agarzon;iurquizu;Política;H
agarzon;estherpalomera;Periodismo;M
agarzon;AngelsBarcelo;Periodismo;M
agarzon;AntonioMaestre;Periodismo;H
agarzon;MartaNebot;Periodismo;M
agarzon;Buenafuente;Humor;H
agarzon;DebatAlRojoVivo;Periodismo;no
agarzon;julia_otero;Periodismo;M
agarzon;elisabeni;Periodismo;M
agarzon;Lagarde;Política;M
agarzon;Yolanda_Diaz_;Gob;M
agarzon;anaisbernal;Periodismo;M
agarzon;elpais_espana;Periodismo;no
agarzon;el_pais;Periodismo;no
agarzon;jordievole;Periodismo;H
agarzon;aliciaguti;Periodismo;M
agarzon;carlosecue;Periodismo;H
agarzon;policia;Institución;no
agarzon;eldiarioes;Periodismo;no
agarzon;odonelorza2011;Política;H
agarzon;monicaoltra;Política;M
agarzon;lgm_com;Literatura;H
agarzon;PabloIglesias;Gob;H
agarzon;joanbaldovi;Política;H
agarzon;mariagv;Política;M
agarzon;japtapias;Política;H
agarzon;sorayasds;Política;M
agarzon;EduMadina;Política;H
agarzon;forges;Humor;H
agarzon;Fgarea;Periodismo;H
agarzon;JATorresMora;Política;H
agarzon;GFVara;Política;H
agarzon;rtve;Institución;no
agarzon;juralde;Política;H
agarzon;Pedro_Zerolo;Política;H
agarzon;iescolar;Periodismo;H
astro_duque;InesArrimadas;Política;M
astro_duque;MazzucatoM;Universidad;M
astro_duque;dfuentescastro;Universidad;H
astro_duque;ComisionEuropea;Institución;no
astro_duque;BelenBarreiro_;sociología;M
astro_duque;jmoisesmartin;Economía;H
astro_duque;LuciaMendezEM;Periodismo;M
astro_duque;luisacarcedo;Política;M
astro_duque;Agenda2030Esp;Política;no
astro_duque;CelaaIsabel;Gob;M
astro_duque;LuisPlanas;Gob;H
astro_duque;MarotoReyes;Gob;M
astro_duque;MMAROTOVA;Política;M
astro_duque;justiciagob;Institución;no
astro_duque;mincoturgob;Institución;no
astro_duque;empleogob;Institución;no
astro_duque;interiorgob;Institución;no
astro_duque;sanidadgob;Institución;no
astro_duque;fomentogob;Institución;no
astro_duque;mapagob;Institución;no
astro_duque;M_Presidencia;Institución;no
astro_duque;_minecogob;Institución;no
astro_duque;MAECgob;Institución;no
astro_duque;Haciendagob;Institución;no
astro_duque;mitecogob;Institución;no
astro_duque;CasaReal;Institución;no
astro_duque;Congreso_Es;Institución;H
astro_duque;desdelamoncloa;Institución;no
astro_duque;Senadoesp;Institución;no
astro_duque;mvalerio_gu;Política;M
astro_duque;meritxell_batet;Política;M
astro_duque;JosepBorrellF;Política;H
astro_duque;abalosmeco;Gob;H
astro_duque;NadiaCalvino;Gob;M
astro_duque;Teresaribera;Gob;M
astro_duque;mjmonteroc;Gob;M
astro_duque;carmencalvo_;Gob;M
astro_duque;CarmenMonton;Política;M
astro_duque;GLlamazares;Política;H
astro_duque;europapress;Periodismo;no
astro_duque;JoaquimBoschGra;Judicatura;H
astro_duque;guardiacivil;Institución;no
astro_duque;marianorajoy;Política;H
astro_duque;PabloIglesias;Gob;H
astro_duque;jordievole;Periodismo;H
astro_duque;agarzon;Gob;H
astro_duque;iescolar;Periodismo;H
astro_duque;julia_otero;Periodismo;M
astro_duque;PepaBueno;Periodismo;M
astro_duque;elmundotoday;Humor;no
astro_duque;forges;Humor;H
astro_duque;Buenafuente;Humor;H
astro_duque;sanchezcastejon;Gob;H
astro_duque;javiersolana;Política;H
astro_duque;Albert_Rivera;Política;H
astro_duque;EFEnoticias;Periodismo;no
astro_duque;CSIC;Institución;no
astro_duque;_anapastor_;Periodismo;M
IreneMontero;policia;Institución;no
IreneMontero;carmencalvo_;Gob;M
IreneMontero;interiorgob;Institución;no
IreneMontero;elconfidencial;Periodismo;no
IreneMontero;pedroblancoa;Periodismo;H
IreneMontero;anaisbernal;Periodismo;M
IreneMontero;guardiacivil;Institución;no
IreneMontero;CasaReal;Institución;no
IreneMontero;antonigr;Consultor;H
IreneMontero;MartaNebot;Periodismo;M
IreneMontero;jmarcos78;Periodismo;H
IreneMontero;miqueliceta;Política;H
IreneMontero;joanbaldovi;Política;H
IreneMontero;odonelorza2011;Política;H
IreneMontero;abalosmeco;Gob;H
IreneMontero;SSumelzo;Política;M
IreneMontero;InesArrimadas;Política;M
IreneMontero;aliciaguti;Periodismo;M
IreneMontero;EnricJuliana;Periodismo;H
IreneMontero;Congreso_Es;Institución;H
IreneMontero;EstefaniaJoaq;Periodismo;H
IreneMontero;manuelrico;Literatura;H
IreneMontero;basteiro;Periodismo;H
IreneMontero;manueljabois;Periodismo;H
IreneMontero;Pevelasco;Periodismo;M
IreneMontero;meritxell_batet;Política;M
IreneMontero;sevillajordi;Política;H
IreneMontero;pardodevera;Periodismo;M
IreneMontero;MistralS;Periodismo;M
IreneMontero;elisabeni;Periodismo;M
IreneMontero;anabeldn;Periodismo;M
IreneMontero;MontDeMont;Periodismo;M
IreneMontero;japtapias;Política;H
IreneMontero;susanadiaz;Política;M
IreneMontero;LuciaMendezEM;Periodismo;M
IreneMontero;LaVanguardia;Periodismo;no
IreneMontero;ElHuffPost;Periodismo;no
IreneMontero;elespanolcom;Periodismo;no
IreneMontero;Ruiz_Noticias;Periodismo;H
IreneMontero;VickyRosell;Judicatura;M
IreneMontero;ctxt_es;Periodismo;no
IreneMontero;juralde;Política;H
IreneMontero;pmarsupia;Periodismo;H
IreneMontero;monicaoltra;Política;M
IreneMontero;radiocable;Periodismo;H
IreneMontero;forges;Humor;H
IreneMontero;Yolanda_Diaz_;Gob;M
IreneMontero;arsenioescolar;Periodismo;H
IreneMontero;PepaBueno;Periodismo;M
IreneMontero;julia_otero;Periodismo;M
IreneMontero;ManuelaCarmena;Política;M
IreneMontero;JoaquimBoschGra;Judicatura;H
IreneMontero;gerardotc;Periodismo;H
IreneMontero;Albert_Rivera;Política;H
IreneMontero;sanchezcastejon;Gob;H
IreneMontero;maximohuerta;Periodismo;H
IreneMontero;Buenafuente;Humor;H
IreneMontero;ramonlobo;Periodismo;H
IreneMontero;Fgarea;Periodismo;H
IreneMontero;estherpalomera;Periodismo;M
IreneMontero;jesusmarana;Periodismo;H
IreneMontero;carlosecue;Periodismo;H
IreneMontero;cristina_pardo;Periodismo;M
IreneMontero;JesusCintora;Periodismo;H
IreneMontero;DebatAlRojoVivo;Periodismo;no
IreneMontero;ccarnicero;Periodismo;H
IreneMontero;antonlosada;Universidad;H
IreneMontero;eldiarioes;Periodismo;no
IreneMontero;EFEnoticias;Periodismo;no
IreneMontero;jordievole;Periodismo;H
IreneMontero;elperiodico;Periodismo;no
IreneMontero;elmundotoday;Humor;no
IreneMontero;carmechacon;Política;M
IreneMontero;La_SER;Periodismo;no
IreneMontero;europapress;Periodismo;no
IreneMontero;_anapastor_;Periodismo;M
IreneMontero;_Rubalcaba_;Política;H
IreneMontero;AdaColau;Política;M
IreneMontero;sorayasds;Política;M
IreneMontero;marianorajoy;Política;H
IreneMontero;PSOE;Política;no
IreneMontero;elpais_espana;Periodismo;no
IreneMontero;EduMadina;Política;H
IreneMontero;iescolar;Periodismo;H
IreneMontero;GLlamazares;Política;H
IreneMontero;PabloIglesias;Gob;H
IreneMontero;agarzon;Gob;H
IreneMontero;el_pais;Periodismo;no
IreneMontero;elmundoes;Periodismo;no
IreneMontero;desdelamoncloa;Institución;no
IreneMontero;rtve;Institución;no
IreneMontero;publico_es;Periodismo;no
abalosmeco;empleogob;Institución;no
abalosmeco;InesArrimadas;Política;M
abalosmeco;justiciagob;Institución;no
abalosmeco;lgm_com;Literatura;H
abalosmeco;luisacarcedo;Política;M
abalosmeco;manueljabois;Periodismo;H
abalosmeco;M_Presidencia;Institución;no
abalosmeco;mincoturgob;Institución;no
abalosmeco;MarotoReyes;Gob;M
abalosmeco;astro_duque;Gob;H
abalosmeco;LuciaMendezEM;Periodismo;M
abalosmeco;Agenda2030Esp;Política;no
abalosmeco;mjmonteroc;Gob;M
abalosmeco;LuisPlanas;Gob;H
abalosmeco;CelaaIsabel;Gob;M
abalosmeco;desdelamoncloa;Institución;no
abalosmeco;carmencalvo_;Gob;M
abalosmeco;mitecogob;Institución;no
abalosmeco;NadiaCalvino;Gob;M
abalosmeco;JosepBorrellF;Política;H
abalosmeco;fomentogob;Institución;no
abalosmeco;jaumecollboni;Política;H
abalosmeco;patxilopez;Política;H
abalosmeco;MMAROTOVA;Política;M
abalosmeco;ctxt_es;Periodismo;no
abalosmeco;nuriamarinlh;Periodismo;M
abalosmeco;Yolanda_Diaz_;Gob;M
abalosmeco;AmparoRubiales;Política;M
abalosmeco;jmoisesmartin;Economía;H
abalosmeco;IreneMontero;Gob;M
abalosmeco;ccarnicero;Periodismo;H
abalosmeco;sevillajordi;Política;H
abalosmeco;BeatrizCorredor;Política;M
abalosmeco;nuriaparlon;Política;M
abalosmeco;IsaiasLafuente;Periodismo;H
abalosmeco;MartaNebot;Periodismo;M
abalosmeco;isauralealf;Política;M
abalosmeco;Teresaribera;Gob;M
abalosmeco;F_Armengol;Política;M
abalosmeco;pmklose;Universidad;H
abalosmeco;ramonlobo;Periodismo;H
abalosmeco;meritxell_batet;Política;M
abalosmeco;Jccampm;Gob;H
abalosmeco;jmarcos78;Periodismo;H
abalosmeco;PiliCancela;Política;M
abalosmeco;oscar_puente_;Periodismo;H
abalosmeco;luzseijo;Política;M
abalosmeco;Ander_Gil;Política;H
abalosmeco;gomezdcelis;Política;H
abalosmeco;EstefaniaJoaq;Periodismo;H
abalosmeco;elespanolcom;Periodismo;no
abalosmeco;equipoGabilondo;Política;H
abalosmeco;pmarsupia;Periodismo;H
abalosmeco;elperiodico;Periodismo;no
abalosmeco;Adrilastra;Política;M
abalosmeco;Ibangarciadb;Política;H
abalosmeco;Ruiz_Noticias;Periodismo;H
abalosmeco;PuriCausapi;Política;M
abalosmeco;anaisbernal;Periodismo;M
abalosmeco;cristina_pardo;Periodismo;M
abalosmeco;JesusCintora;Periodismo;H
abalosmeco;julia_otero;Periodismo;M
abalosmeco;IratxeGarper;Política;M
abalosmeco;pedroblancoa;Periodismo;H
abalosmeco;policia;Institución;no
abalosmeco;CarlaAntonelli;Política;M
abalosmeco;ElHuffPost;Periodismo;no
abalosmeco;Moran_Fernandez;Política;H
abalosmeco;radiocable;Periodismo;H
abalosmeco;PepaBueno;Periodismo;M
abalosmeco;jmrdezuribes;Gob;H
abalosmeco;Congreso_Es;Institución;H
abalosmeco;iurquizu;Política;H
abalosmeco;elpais_espana;Periodismo;no
abalosmeco;mariagv;Política;M
abalosmeco;estherpalomera;Periodismo;M
abalosmeco;SSumelzo;Política;M
abalosmeco;SocialistesVal;Política;no
abalosmeco;eldiarioes;Periodismo;no
abalosmeco;antonigr;Consultor;H
abalosmeco;mvalerio_gu;Política;M
abalosmeco;odonelorza2011;Política;H
abalosmeco;Fgarea;Periodismo;H
abalosmeco;interiorgob;Institución;no
abalosmeco;RodriguezPinero;Política;M
abalosmeco;DebatAlRojoVivo;Periodismo;no
abalosmeco;gpscongreso;Política;no
abalosmeco;CristinaNarbona;Política;M
abalosmeco;miqueliceta;Política;H
abalosmeco;Apapell;Periodismo;H
abalosmeco;Pedro_Zerolo;Política;H
abalosmeco;carmechacon;Política;M
abalosmeco;LaVanguardia;Periodismo;no
abalosmeco;PmOlmos;Política;H
abalosmeco;AntonioMaestre;Periodismo;H
abalosmeco;SimancasRafael;Política;H
abalosmeco;JoseantonioJun;Política;H
abalosmeco;joanbaldovi;Política;H
abalosmeco;AAlvarezAlvarez;Política;M
abalosmeco;jordievole;Periodismo;H
abalosmeco;anabeldn;Periodismo;M
abalosmeco;ximopuig;Política;H
abalosmeco;JuanMoscosodelP;Economía;M
abalosmeco;sanchezcastejon;Gob;H
abalosmeco;JATorresMora;Política;H
abalosmeco;manuelrico;Literatura;H
abalosmeco;europapress;Periodismo;no
abalosmeco;GFVara;Política;H
abalosmeco;elconfidencial;Periodismo;no
abalosmeco;japtapias;Política;H
abalosmeco;CarmenMonton;Política;M
abalosmeco;Programas_PSOE;Política;no
abalosmeco;arsenioescolar;Periodismo;H
abalosmeco;antonlosada;Universidad;H
abalosmeco;jesusmarana;Periodismo;H
abalosmeco;_Rubalcaba_;Política;H
abalosmeco;cesarluena;Política;H
abalosmeco;elmundoes;Periodismo;no
abalosmeco;rtve;Institución;no
abalosmeco;PSOE;Política;no
abalosmeco;La_SER;Periodismo;no
abalosmeco;iescolar;Periodismo;H
abalosmeco;sextaNoticias;Periodismo;no
abalosmeco;el_pais;Periodismo;no
abalosmeco;publico_es;Periodismo;no
abalosmeco;abrilalvaro;Política;H
carmencalvo_;Jccampm;Gob;H
carmencalvo_;Socialistas_PE;Política;no
carmencalvo_;Agenda2030Esp;Política;no
carmencalvo_;luisacarcedo;Política;M
carmencalvo_;mitecogob;Institución;no
carmencalvo_;M_Presidencia;Institución;no
carmencalvo_;Congreso_Es;Institución;H
carmencalvo_;Senadoesp;Institución;no
carmencalvo_;MAECgob;Institución;no
carmencalvo_;gpssenado;Política;no
carmencalvo_;MarotoReyes;Gob;M
carmencalvo_;CelaaIsabel;Gob;M
carmencalvo_;astro_duque;Gob;H
carmencalvo_;empleogob;Institución;no
carmencalvo_;fomentogob;Institución;no
carmencalvo_;gpscongreso;Política;no
carmencalvo_;justiciagob;Institución;no
carmencalvo_;mincoturgob;Institución;no
carmencalvo_;Haciendagob;Institución;no
carmencalvo_;_minecogob;Institución;no
carmencalvo_;JosepBorrellF;Política;H
carmencalvo_;CarmenMonton;Política;M
carmencalvo_;meritxell_batet;Política;M
carmencalvo_;mjmonteroc;Gob;M
carmencalvo_;NadiaCalvino;Gob;M
carmencalvo_;Teresaribera;Gob;M
carmencalvo_;LuisPlanas;Gob;H
carmencalvo_;desdelamoncloa;Institución;no
carmencalvo_;sanidadgob;Institución;no
carmencalvo_;interiorgob;Institución;no
carmencalvo_;mapagob;Institución;no
carmencalvo_;franciscopolo;Política;H
carmencalvo_;patxilopez;Política;H
carmencalvo_;gomezdcelis;Política;H
carmencalvo_;Adrilastra;Política;M
carmencalvo_;abalosmeco;Gob;H
carmencalvo_;oscar_puente_;Periodismo;H
carmencalvo_;nuriamarinlh;Periodismo;M
carmencalvo_;Ibangarciadb;Política;H
carmencalvo_;mvalerio_gu;Política;M
carmencalvo_;luzseijo;Política;M
carmencalvo_;odonelorza2011;Política;H
carmencalvo_;BeatrizCorredor;Política;M
carmencalvo_;CristinaNarbona;Política;M
carmencalvo_;jmrdezuribes;Gob;H
carmencalvo_;SSumelzo;Política;M
carmencalvo_;isauralealf;Política;M
carmencalvo_;IratxeGarper;Política;M
carmencalvo_;Moran_Fernandez;Política;H
carmencalvo_;sanchezcastejon;Gob;H
carmencalvo_;PSOE;Política;no
Teresaribera;LuciaMendezEM;Periodismo;M
Teresaribera;lgm_com;Literatura;H
Teresaribera;GFVara;Política;H
Teresaribera;AntonioMaestre;Periodismo;H
Teresaribera;MarotoReyes;Gob;M
Teresaribera;luisacarcedo;Política;M
Teresaribera;gpscongreso;Política;no
Teresaribera;elmundotoday;Humor;no
Teresaribera;MAECgob;Institución;no
Teresaribera;joanbaldovi;Política;H
Teresaribera;Agenda2030Esp;Política;no
Teresaribera;CelaaIsabel;Gob;M
Teresaribera;mjmonteroc;Gob;M
Teresaribera;JosepBorrellF;Política;H
Teresaribera;mitecogob;Institución;no
Teresaribera;carmencalvo_;Gob;M
Teresaribera;NadiaCalvino;Gob;M
Teresaribera;luzseijo;Política;M
Teresaribera;arsenioescolar;Periodismo;H
Teresaribera;dfuentescastro;Universidad;H
Teresaribera;AmparoRubiales;Política;M
Teresaribera;nuriamarinlh;Periodismo;M
Teresaribera;PiliCancela;Política;M
Teresaribera;jaumecollboni;Política;H
Teresaribera;jmrdezuribes;Gob;H
Teresaribera;astro_duque;Gob;H
Teresaribera;ComisionEuropea;Institución;no
Teresaribera;MazzucatoM;Universidad;M
Teresaribera;IsaiasLafuente;Periodismo;H
Teresaribera;abalosmeco;Gob;H
Teresaribera;manueljabois;Periodismo;H
Teresaribera;pmklose;Universidad;H
Teresaribera;F_Armengol;Política;M
Teresaribera;oscar_puente_;Periodismo;H
Teresaribera;estherpalomera;Periodismo;M
Teresaribera;SSumelzo;Política;M
Teresaribera;nuriaparlon;Política;M
Teresaribera;mvalerio_gu;Política;M
Teresaribera;Adrilastra;Política;M
Teresaribera;kanciller;Universidad;H
Teresaribera;Ibangarciadb;Política;H
Teresaribera;gerardotc;Periodismo;H
Teresaribera;CarmenMonton;Política;M
Teresaribera;IratxeGarper;Política;M
Teresaribera;meritxell_batet;Política;M
Teresaribera;monicaoltra;Política;M
Teresaribera;LuisPlanas;Gob;H
Teresaribera;Pevelasco;Periodismo;M
Teresaribera;agarzon;Gob;H
Teresaribera;pmarsupia;Periodismo;H
Teresaribera;BelenBarreiro_;sociología;M
Teresaribera;PuriCausapi;Política;M
Teresaribera;japtapias;Política;H
Teresaribera;anaisbernal;Periodismo;M
Teresaribera;mariagv;Política;M
Teresaribera;miqueliceta;Política;H
Teresaribera;EstefaniaJoaq;Periodismo;H
Teresaribera;ManuelaCarmena;Política;M
Teresaribera;equipoGabilondo;Política;H
Teresaribera;ctxt_es;Periodismo;no
Teresaribera;manuelrico;Literatura;H
Teresaribera;PepaBueno;Periodismo;M
Teresaribera;el_pais;Periodismo;no
Teresaribera;jesusmarana;Periodismo;H
Teresaribera;sanchezcastejon;Gob;H
Teresaribera;Moran_Fernandez;Política;H
Teresaribera;AdaColau;Política;M
Teresaribera;iurquizu;Política;H
Teresaribera;MistralS;Periodismo;M
Teresaribera;ramonlobo;Periodismo;H
Teresaribera;pedroblancoa;Periodismo;H
Teresaribera;jmoisesmartin;Economía;H
Teresaribera;ElHuffPost;Periodismo;no
Teresaribera;radiocable;Periodismo;H
Teresaribera;_anapastor_;Periodismo;M
Teresaribera;Fgarea;Periodismo;H
Teresaribera;RodriguezPinero;Política;M
Teresaribera;eldiarioes;Periodismo;no
Teresaribera;sextaNoticias;Periodismo;no
Teresaribera;EFEnoticias;Periodismo;no
Teresaribera;Lagarde;Política;M
Teresaribera;forges;Humor;H
Teresaribera;LaVanguardia;Periodismo;no
Teresaribera;europapress;Periodismo;no
Teresaribera;CSIC;Institución;no
Teresaribera;carlosecue;Periodismo;H
Teresaribera;antonlosada;Universidad;H
Teresaribera;jordievole;Periodismo;H
Teresaribera;JoseantonioJun;Política;H
Teresaribera;elpais_espana;Periodismo;no
Teresaribera;ccarnicero;Periodismo;H
Teresaribera;publico_es;Periodismo;no
Teresaribera;Ander_Gil;Política;H
Teresaribera;CristinaNarbona;Política;M
Teresaribera;odonelorza2011;Política;H
Teresaribera;AngelsBarcelo;Periodismo;M
Teresaribera;maoliverf;Periodismo;H
Teresaribera;MontDeMont;Periodismo;M
Teresaribera;GLlamazares;Política;H
Teresaribera;PmOlmos;Política;H
Teresaribera;La_SER;Periodismo;no
Teresaribera;Programas_PSOE;Política;no
Teresaribera;JuanMoscosodelP;Economía;M
Teresaribera;javiersolana;Política;H
Teresaribera;iescolar;Periodismo;H
Teresaribera;anabeldn;Periodismo;M
Teresaribera;antonigr;Consultor;H
Teresaribera;BeatrizCorredor;Política;M
Teresaribera;desdelamoncloa;Institución;no
Teresaribera;patxilopez;Política;H
Teresaribera;abrilalvaro;Política;H
Teresaribera;BarackObama;Política;H
Teresaribera;PSOE;Política;no
Teresaribera;juralde;Política;H
Teresaribera;sevillajordi;Política;H
Yolanda_Diaz_;JosepBorrellF;Política;H
Yolanda_Diaz_;MazzucatoM;Universidad;M
Yolanda_Diaz_;dfuentescastro;Universidad;H
Yolanda_Diaz_;BarackObama;Política;H
Yolanda_Diaz_;luisacarcedo;Política;M
Yolanda_Diaz_;astro_duque;Gob;H
Yolanda_Diaz_;LuisPlanas;Gob;H
Yolanda_Diaz_;CelaaIsabel;Gob;M
Yolanda_Diaz_;CarmenMonton;Política;M
Yolanda_Diaz_;MMAROTOVA;Política;M
Yolanda_Diaz_;mjmonteroc;Gob;M
Yolanda_Diaz_;carmencalvo_;Gob;M
Yolanda_Diaz_;AmparoRubiales;Política;M
Yolanda_Diaz_;NadiaCalvino;Gob;M
Yolanda_Diaz_;mvalerio_gu;Política;M
Yolanda_Diaz_;maximohuerta;Periodismo;H
Yolanda_Diaz_;iurquizu;Política;H
Yolanda_Diaz_;empleogob;Institución;no
Yolanda_Diaz_;Haciendagob;Institución;no
Yolanda_Diaz_;_minecogob;Institución;no
Yolanda_Diaz_;meritxell_batet;Política;M
Yolanda_Diaz_;nuriaparlon;Política;M
Yolanda_Diaz_;fomentogob;Institución;no
Yolanda_Diaz_;abrilalvaro;Política;H
Yolanda_Diaz_;Teresaribera;Gob;M
Yolanda_Diaz_;CristinaNarbona;Política;M
Yolanda_Diaz_;javiersolana;Política;H
Yolanda_Diaz_;F_Armengol;Política;M
Yolanda_Diaz_;luzseijo;Política;M
Yolanda_Diaz_;abalosmeco;Gob;H
Yolanda_Diaz_;franciscopolo;Política;H
Yolanda_Diaz_;SSumelzo;Política;M
Yolanda_Diaz_;Ander_Gil;Política;H
Yolanda_Diaz_;gpssenado;Política;no
Yolanda_Diaz_;equipoGabilondo;Política;H
Yolanda_Diaz_;gpscongreso;Política;no
Yolanda_Diaz_;anaisbernal;Periodismo;M
Yolanda_Diaz_;CarlaAntonelli;Política;M
Yolanda_Diaz_;Apapell;Periodismo;H
Yolanda_Diaz_;mincoturgob;Institución;no
Yolanda_Diaz_;M_Presidencia;Institución;no
Yolanda_Diaz_;mapagob;Institución;no
Yolanda_Diaz_;sanidadgob;Institución;no
Yolanda_Diaz_;justiciagob;Institución;no
Yolanda_Diaz_;JoseantonioJun;Política;H
Yolanda_Diaz_;VilaSilva;Literatura;H
Yolanda_Diaz_;Adrilastra;Política;M
Yolanda_Diaz_;MontDeMont;Periodismo;M
Yolanda_Diaz_;interiorgob;Institución;no
Yolanda_Diaz_;CasaReal;Institución;no
Yolanda_Diaz_;Congreso_Es;Institución;H
Yolanda_Diaz_;MartaNebot;Periodismo;M
Yolanda_Diaz_;jmarcos78;Periodismo;H
Yolanda_Diaz_;AHRodicio;Periodismo;H
Yolanda_Diaz_;aliciaguti;Periodismo;M
Yolanda_Diaz_;basteiro;Periodismo;H
Yolanda_Diaz_;Pevelasco;Periodismo;M
Yolanda_Diaz_;LuciaMendezEM;Periodismo;M
Yolanda_Diaz_;anabeldn;Periodismo;M
Yolanda_Diaz_;jaumecollboni;Política;H
Yolanda_Diaz_;miqueliceta;Política;H
Yolanda_Diaz_;IsaiasLafuente;Periodismo;H
Yolanda_Diaz_;pedroblancoa;Periodismo;H
Yolanda_Diaz_;MAECgob;Institución;no
Yolanda_Diaz_;jmoisesmartin;Economía;H
Yolanda_Diaz_;kanciller;Universidad;H
Yolanda_Diaz_;LluisOrriols;Universidad;H
Yolanda_Diaz_;EstefaniaJoaq;Periodismo;H
Yolanda_Diaz_;estherpalomera;Periodismo;M
Yolanda_Diaz_;patxilopez;Política;H
Yolanda_Diaz_;JoaquimBoschGra;Judicatura;H
Yolanda_Diaz_;SocialistesVal;Política;no
Yolanda_Diaz_;ximopuig;Política;H
Yolanda_Diaz_;susanadiaz;Política;M
Yolanda_Diaz_;sevillajordi;Política;H
Yolanda_Diaz_;SimancasRafael;Política;H
Yolanda_Diaz_;AAlvarezAlvarez;Política;M
Yolanda_Diaz_;mariagv;Política;M
Yolanda_Diaz_;oscarlopeztwit;Política;H
Yolanda_Diaz_;Programas_PSOE;Política;no
Yolanda_Diaz_;cesarluena;Política;H
Yolanda_Diaz_;ramonlobo;Periodismo;H
Yolanda_Diaz_;elmundotoday;Humor;no
Yolanda_Diaz_;ElHuffPost;Periodismo;no
Yolanda_Diaz_;elpais_espana;Periodismo;no
Yolanda_Diaz_;VickyRosell;Judicatura;M
Yolanda_Diaz_;joanbaldovi;Política;H
Yolanda_Diaz_;GFVara;Política;H
Yolanda_Diaz_;ccarnicero;Periodismo;H
Yolanda_Diaz_;ctxt_es;Periodismo;no
Yolanda_Diaz_;CSIC;Institución;no
Yolanda_Diaz_;odonelorza2011;Política;H
Yolanda_Diaz_;Ibangarciadb;Política;H
Yolanda_Diaz_;Ruiz_Noticias;Periodismo;H
Yolanda_Diaz_;elespanolcom;Periodismo;no
Yolanda_Diaz_;elmundoes;Periodismo;no
Yolanda_Diaz_;manueljabois;Periodismo;H
Yolanda_Diaz_;AngelsBarcelo;Periodismo;M
Yolanda_Diaz_;forges;Humor;H
Yolanda_Diaz_;pmarsupia;Periodismo;H
Yolanda_Diaz_;monicaoltra;Política;M
Yolanda_Diaz_;japtapias;Política;H
Yolanda_Diaz_;guardiacivil;Institución;no
Yolanda_Diaz_;policia;Institución;no
Yolanda_Diaz_;_Rubalcaba_;Política;H
Yolanda_Diaz_;Buenafuente;Humor;H
Yolanda_Diaz_;carmechacon;Política;M
Yolanda_Diaz_;EduMadina;Política;H
Yolanda_Diaz_;Pedro_Zerolo;Política;H
Yolanda_Diaz_;IreneMontero;Gob;M
Yolanda_Diaz_;elperiodico;Periodismo;no
Yolanda_Diaz_;LaVanguardia;Periodismo;no
Yolanda_Diaz_;radiocable;Periodismo;H
Yolanda_Diaz_;InesArrimadas;Política;M
Yolanda_Diaz_;ManuelaCarmena;Política;M
Yolanda_Diaz_;Albert_Rivera;Política;H
Yolanda_Diaz_;MistralS;Periodismo;M
Yolanda_Diaz_;arsenioescolar;Periodismo;H
Yolanda_Diaz_;gerardotc;Periodismo;H
Yolanda_Diaz_;PepaBueno;Periodismo;M
Yolanda_Diaz_;La_SER;Periodismo;no
Yolanda_Diaz_;sextaNoticias;Periodismo;no
Yolanda_Diaz_;jordievole;Periodismo;H
Yolanda_Diaz_;elconfidencial;Periodismo;no
Yolanda_Diaz_;desdelamoncloa;Institución;no
Yolanda_Diaz_;Senadoesp;Institución;no
Yolanda_Diaz_;juralde;Política;H
Yolanda_Diaz_;ComisionEuropea;Institución;no
Yolanda_Diaz_;PiliCancela;Política;M
Yolanda_Diaz_;EnricJuliana;Periodismo;H
Yolanda_Diaz_;sorayasds;Política;M
Yolanda_Diaz_;PSOE;Política;no
Yolanda_Diaz_;EFEnoticias;Periodismo;no
Yolanda_Diaz_;europapress;Periodismo;no
Yolanda_Diaz_;sanchezcastejon;Gob;H
Yolanda_Diaz_;rtve;Institución;no
Yolanda_Diaz_;julia_otero;Periodismo;M
Yolanda_Diaz_;carlosecue;Periodismo;H
Yolanda_Diaz_;elisabeni;Periodismo;M
Yolanda_Diaz_;JesusCintora;Periodismo;H
Yolanda_Diaz_;AntonioMaestre;Periodismo;H
Yolanda_Diaz_;iescolar;Periodismo;H
Yolanda_Diaz_;jesusmarana;Periodismo;H
Yolanda_Diaz_;cristina_pardo;Periodismo;M
Yolanda_Diaz_;pardodevera;Periodismo;M
Yolanda_Diaz_;_anapastor_;Periodismo;M
Yolanda_Diaz_;Fgarea;Periodismo;H
Yolanda_Diaz_;DebatAlRojoVivo;Periodismo;no
Yolanda_Diaz_;antonlosada;Universidad;H
Yolanda_Diaz_;el_pais;Periodismo;no
Yolanda_Diaz_;lgm_com;Literatura;H
Yolanda_Diaz_;AdaColau;Política;M
Yolanda_Diaz_;manuelrico;Literatura;H
Yolanda_Diaz_;eldiarioes;Periodismo;no
Yolanda_Diaz_;publico_es;Periodismo;no
Yolanda_Diaz_;PabloIglesias;Gob;H
Yolanda_Diaz_;marianorajoy;Política;H
Yolanda_Diaz_;agarzon;Gob;H
Yolanda_Diaz_;GLlamazares;Política;H
mjmonteroc;abalosmeco;Gob;H
mjmonteroc;mvalerio_gu;Política;M
mjmonteroc;japtapias;Política;H
mjmonteroc;NadiaCalvino;Gob;M
mjmonteroc;odonelorza2011;Política;H
mjmonteroc;Adrilastra;Política;M
mjmonteroc;JosepBorrellF;Política;H
mjmonteroc;carmencalvo_;Gob;M
mjmonteroc;JoseantonioJun;Política;H
mjmonteroc;sanchezcastejon;Gob;H
mjmonteroc;elpais_espana;Periodismo;no
mjmonteroc;ElHuffPost;Periodismo;no
mjmonteroc;europapress;Periodismo;no
mjmonteroc;Programas_PSOE;Política;no
mjmonteroc;LuisPlanas;Gob;H
mjmonteroc;PuriCausapi;Política;M
mjmonteroc;susanadiaz;Política;M
mjmonteroc;carmechacon;Política;M
mjmonteroc;ramonlobo;Periodismo;H
mjmonteroc;RodriguezPinero;Política;M
mjmonteroc;abrilalvaro;Política;H
mjmonteroc;aliciaguti;Periodismo;M
mjmonteroc;JuanMoscosodelP;Economía;M
mjmonteroc;gomezdcelis;Política;H
mjmonteroc;publico_es;Periodismo;no
mjmonteroc;mariagv;Política;M
mjmonteroc;PSOE;Política;no
mjmonteroc;EduMadina;Política;H
mjmonteroc;jesusmarana;Periodismo;H
mjmonteroc;sevillajordi;Política;H
mjmonteroc;antonlosada;Universidad;H
mjmonteroc;_Rubalcaba_;Política;H
mjmonteroc;AmparoRubiales;Política;M
mjmonteroc;forges;Humor;H
mjmonteroc;julia_otero;Periodismo;M
mjmonteroc;AngelsBarcelo;Periodismo;M
mjmonteroc;javiersolana;Política;H
mjmonteroc;CarlaAntonelli;Política;M
mjmonteroc;GLlamazares;Política;H
mjmonteroc;manuelrico;Literatura;H
mjmonteroc;iescolar;Periodismo;H
mjmonteroc;_anapastor_;Periodismo;M
mjmonteroc;Pedro_Zerolo;Política;H
mjmonteroc;JesusCintora;Periodismo;H
mjmonteroc;sanidadgob;Institución;no
mjmonteroc;ccarnicero;Periodismo;H
mjmonteroc;PmOlmos;Política;H
mjmonteroc;AHRodicio;Periodismo;H
mjmonteroc;GFVara;Política;H
mjmonteroc;La_SER;Periodismo;no
mjmonteroc;patxilopez;Política;H
mjmonteroc;desdelamoncloa;Institución;no
mjmonteroc;el_pais;Periodismo;no
NadiaCalvino;Jccampm;Gob;H
NadiaCalvino;Yolanda_Diaz_;Gob;M
NadiaCalvino;agarzon;Gob;H
NadiaCalvino;kanciller;Universidad;H
NadiaCalvino;JoaquimBoschGra;Judicatura;H
NadiaCalvino;JoseantonioJun;Política;H
NadiaCalvino;PabloIglesias;Gob;H
NadiaCalvino;eldiarioes;Periodismo;no
NadiaCalvino;CSIC;Institución;no
NadiaCalvino;Ruiz_Noticias;Periodismo;H
NadiaCalvino;julia_otero;Periodismo;M
NadiaCalvino;maoliverf;Periodismo;H
NadiaCalvino;estherpalomera;Periodismo;M
NadiaCalvino;Apapell;Periodismo;H
NadiaCalvino;IratxeGarper;Política;M
NadiaCalvino;jmrdezuribes;Gob;H
NadiaCalvino;luisacarcedo;Política;M
NadiaCalvino;PepaBueno;Periodismo;M
NadiaCalvino;IreneMontero;Gob;M
NadiaCalvino;ramonlobo;Periodismo;H
NadiaCalvino;PiliCancela;Política;M
NadiaCalvino;jaumecollboni;Política;H
NadiaCalvino;EFEnoticias;Periodismo;no
NadiaCalvino;miqueliceta;Política;H
NadiaCalvino;EstefaniaJoaq;Periodismo;H
NadiaCalvino;Ander_Gil;Política;H
NadiaCalvino;LluisOrriols;Universidad;H
NadiaCalvino;MarotoReyes;Gob;M
NadiaCalvino;CasaReal;Institución;no
NadiaCalvino;sanidadgob;Institución;no
NadiaCalvino;empleogob;Institución;no
NadiaCalvino;carlosecue;Periodismo;H
NadiaCalvino;mincoturgob;Institución;no
NadiaCalvino;antonlosada;Universidad;H
NadiaCalvino;PSOE;Política;no
NadiaCalvino;ElHuffPost;Periodismo;no
NadiaCalvino;Socialistas_PE;Política;no
NadiaCalvino;pmklose;Universidad;H
NadiaCalvino;M_Presidencia;Institución;no
NadiaCalvino;CristinaNarbona;Política;M
NadiaCalvino;joanbaldovi;Política;H
NadiaCalvino;ximopuig;Política;H
NadiaCalvino;dfuentescastro;Universidad;H
NadiaCalvino;sevillajordi;Política;H
NadiaCalvino;mapagob;Institución;no
NadiaCalvino;interiorgob;Institución;no
NadiaCalvino;justiciagob;Institución;no
NadiaCalvino;Haciendagob;Institución;no
NadiaCalvino;mitecogob;Institución;no
NadiaCalvino;javiersolana;Política;H
NadiaCalvino;LuciaMendezEM;Periodismo;M
NadiaCalvino;Adrilastra;Política;M
NadiaCalvino;JosepBorrellF;Política;H
NadiaCalvino;desdelamoncloa;Institución;no
NadiaCalvino;franciscopolo;Política;H
NadiaCalvino;fomentogob;Institución;no
NadiaCalvino;_minecogob;Institución;no
NadiaCalvino;maximohuerta;Periodismo;H
NadiaCalvino;CelaaIsabel;Gob;M
NadiaCalvino;mvalerio_gu;Política;M
NadiaCalvino;Teresaribera;Gob;M
NadiaCalvino;abalosmeco;Gob;H
NadiaCalvino;meritxell_batet;Política;M
NadiaCalvino;mjmonteroc;Gob;M
NadiaCalvino;CarmenMonton;Política;M
NadiaCalvino;astro_duque;Gob;H
NadiaCalvino;carmencalvo_;Gob;M
NadiaCalvino;MMAROTOVA;Política;M
NadiaCalvino;MazzucatoM;Universidad;M
NadiaCalvino;sanchezcastejon;Gob;H
NadiaCalvino;manueljabois;Periodismo;H
NadiaCalvino;jmoisesmartin;Economía;H
NadiaCalvino;IsaiasLafuente;Periodismo;H
NadiaCalvino;policia;Institución;no
NadiaCalvino;elconfidencial;Periodismo;no
NadiaCalvino;basteiro;Periodismo;H
NadiaCalvino;MistralS;Periodismo;M
NadiaCalvino;LaVanguardia;Periodismo;no
NadiaCalvino;Albert_Rivera;Política;H
NadiaCalvino;sorayasds;Política;M
NadiaCalvino;InesArrimadas;Política;M
NadiaCalvino;elmundoes;Periodismo;no
NadiaCalvino;elespanolcom;Periodismo;no
NadiaCalvino;VilaSilva;Literatura;H
NadiaCalvino;europapress;Periodismo;no
NadiaCalvino;ComisionEuropea;Institución;no
NadiaCalvino;Buenafuente;Humor;H
NadiaCalvino;LuisPlanas;Gob;H
NadiaCalvino;marianorajoy;Política;H
NadiaCalvino;BarackObama;Política;H
NadiaCalvino;Lagarde;Política;M
AranchaGlezLaya;VickyRosell;Judicatura;M
AranchaGlezLaya;mjmonteroc;Gob;M
AranchaGlezLaya;carmencalvo_;Gob;M
AranchaGlezLaya;InesArrimadas;Política;M
AranchaGlezLaya;IreneMontero;Gob;M
AranchaGlezLaya;jmrdezuribes;Gob;H
AranchaGlezLaya;maoliverf;Periodismo;H
AranchaGlezLaya;eldiarioes;Periodismo;no
AranchaGlezLaya;JesusCintora;Periodismo;H
AranchaGlezLaya;abalosmeco;Gob;H
AranchaGlezLaya;Apapell;Periodismo;H
AranchaGlezLaya;odonelorza2011;Política;H
AranchaGlezLaya;meritxell_batet;Política;M
AranchaGlezLaya;Adrilastra;Política;M
AranchaGlezLaya;Ibangarciadb;Política;H
AranchaGlezLaya;franciscopolo;Política;H
AranchaGlezLaya;anaisbernal;Periodismo;M
AranchaGlezLaya;Ruiz_Noticias;Periodismo;H
AranchaGlezLaya;dfuentescastro;Universidad;H
AranchaGlezLaya;Agenda2030Esp;Política;no
AranchaGlezLaya;mincoturgob;Institución;no
AranchaGlezLaya;MarotoReyes;Gob;M
AranchaGlezLaya;MMAROTOVA;Política;M
AranchaGlezLaya;NadiaCalvino;Gob;M
AranchaGlezLaya;JosepBorrellF;Política;H
AranchaGlezLaya;LuisPlanas;Gob;H
AranchaGlezLaya;kanciller;Universidad;H
AranchaGlezLaya;manueljabois;Periodismo;H
AranchaGlezLaya;BarackObama;Política;H
AranchaGlezLaya;marianorajoy;Política;H
AranchaGlezLaya;ramonlobo;Periodismo;H
AranchaGlezLaya;JATorresMora;Política;H
AranchaGlezLaya;Pevelasco;Periodismo;M
AranchaGlezLaya;ctxt_es;Periodismo;no
AranchaGlezLaya;gerardotc;Periodismo;H
AranchaGlezLaya;antonigr;Consultor;H
AranchaGlezLaya;EnricJuliana;Periodismo;H
AranchaGlezLaya;_Rubalcaba_;Política;H
AranchaGlezLaya;ccarnicero;Periodismo;H
AranchaGlezLaya;iescolar;Periodismo;H
AranchaGlezLaya;maximohuerta;Periodismo;H
AranchaGlezLaya;EstefaniaJoaq;Periodismo;H
AranchaGlezLaya;RodriguezPinero;Política;M
AranchaGlezLaya;pmarsupia;Periodismo;H
AranchaGlezLaya;cesarluena;Política;H
AranchaGlezLaya;cristina_pardo;Periodismo;M
AranchaGlezLaya;ManuelaCarmena;Política;M
AranchaGlezLaya;Albert_Rivera;Política;H
AranchaGlezLaya;Socialistas_PE;Política;no
AranchaGlezLaya;AmparoRubiales;Política;M
AranchaGlezLaya;MistralS;Periodismo;M
AranchaGlezLaya;agarzon;Gob;H
AranchaGlezLaya;elespanolcom;Periodismo;no
AranchaGlezLaya;MazzucatoM;Universidad;M
AranchaGlezLaya;sorayasds;Política;M
AranchaGlezLaya;PabloIglesias;Gob;H
AranchaGlezLaya;el_pais;Periodismo;no
AranchaGlezLaya;ElHuffPost;Periodismo;no
AranchaGlezLaya;PepaBueno;Periodismo;M
AranchaGlezLaya;MontDeMont;Periodismo;M
AranchaGlezLaya;basteiro;Periodismo;H
AranchaGlezLaya;AngelsBarcelo;Periodismo;M
AranchaGlezLaya;estherpalomera;Periodismo;M
AranchaGlezLaya;Fgarea;Periodismo;H
AranchaGlezLaya;IratxeGarper;Política;M
AranchaGlezLaya;EFEnoticias;Periodismo;no
AranchaGlezLaya;LluisOrriols;Universidad;H
AranchaGlezLaya;BelenBarreiro_;sociología;M
AranchaGlezLaya;iurquizu;Política;H
AranchaGlezLaya;MAECgob;Institución;no
AranchaGlezLaya;anabeldn;Periodismo;M
AranchaGlezLaya;sanchezcastejon;Gob;H
AranchaGlezLaya;sevillajordi;Política;H
AranchaGlezLaya;CasaReal;Institución;no
AranchaGlezLaya;desdelamoncloa;Institución;no
AranchaGlezLaya;julia_otero;Periodismo;M
AranchaGlezLaya;carlosecue;Periodismo;H
AranchaGlezLaya;carmechacon;Política;M
AranchaGlezLaya;EduMadina;Política;H
AranchaGlezLaya;juralde;Política;H
AranchaGlezLaya;CristinaNarbona;Política;M
AranchaGlezLaya;Teresaribera;Gob;M
AranchaGlezLaya;patxilopez;Política;H
AranchaGlezLaya;_anapastor_;Periodismo;M
AranchaGlezLaya;javiersolana;Política;H
AranchaGlezLaya;Lagarde;Política;M
CelaaIsabel;pmklose;Universidad;H
CelaaIsabel;luisacarcedo;Política;M
CelaaIsabel;EstefaniaJoaq;Periodismo;H
CelaaIsabel;carlosecue;Periodismo;H
CelaaIsabel;Fgarea;Periodismo;H
CelaaIsabel;anabeldn;Periodismo;M
CelaaIsabel;mvalerio_gu;Política;M
CelaaIsabel;CristinaNarbona;Política;M
CelaaIsabel;CSIC;Institución;no
CelaaIsabel;gpscongreso;Política;no
CelaaIsabel;astro_duque;Gob;H
CelaaIsabel;LaVanguardia;Periodismo;no
CelaaIsabel;sextaNoticias;Periodismo;no
CelaaIsabel;rtve;Institución;no
CelaaIsabel;elpais_espana;Periodismo;no
CelaaIsabel;elperiodico;Periodismo;no
CelaaIsabel;LuisPlanas;Gob;H
CelaaIsabel;meritxell_batet;Política;M
CelaaIsabel;carmencalvo_;Gob;M
CelaaIsabel;ximopuig;Política;H
CelaaIsabel;susanadiaz;Política;M
CelaaIsabel;CarmenMonton;Política;M
CelaaIsabel;Adrilastra;Política;M
CelaaIsabel;mjmonteroc;Gob;M
CelaaIsabel;abalosmeco;Gob;H
CelaaIsabel;NadiaCalvino;Gob;M
CelaaIsabel;Teresaribera;Gob;M
CelaaIsabel;Senadoesp;Institución;no
CelaaIsabel;Congreso_Es;Institución;H
CelaaIsabel;desdelamoncloa;Institución;no
CelaaIsabel;JosepBorrellF;Política;H
CelaaIsabel;elmundoes;Periodismo;no
CelaaIsabel;el_pais;Periodismo;no
CelaaIsabel;jesusmarana;Periodismo;H
CelaaIsabel;iescolar;Periodismo;H
CelaaIsabel;Apapell;Periodismo;H
CelaaIsabel;cesarluena;Política;H
CelaaIsabel;equipoGabilondo;Política;H
CelaaIsabel;sanchezcastejon;Gob;H
CelaaIsabel;_Rubalcaba_;Política;H
CelaaIsabel;_anapastor_;Periodismo;M
CelaaIsabel;VilaSilva;Literatura;H
CelaaIsabel;forges;Humor;H
CelaaIsabel;eldiarioes;Periodismo;no
CelaaIsabel;mariagv;Política;M
CelaaIsabel;La_SER;Periodismo;no
CelaaIsabel;BarackObama;Política;H
CelaaIsabel;patxilopez;Política;H
MarotoReyes;PiliCancela;Política;M
MarotoReyes;luzseijo;Política;M
MarotoReyes;GFVara;Política;H
MarotoReyes;MazzucatoM;Universidad;M
MarotoReyes;gomezdcelis;Política;H
MarotoReyes;juralde;Política;H
MarotoReyes;abrilalvaro;Política;H
MarotoReyes;Socialistas_PE;Política;no
MarotoReyes;patxilopez;Política;H
MarotoReyes;iescolar;Periodismo;H
MarotoReyes;ximopuig;Política;H
MarotoReyes;odonelorza2011;Política;H
MarotoReyes;jesusmarana;Periodismo;H
MarotoReyes;PepaBueno;Periodismo;M
MarotoReyes;AngelsBarcelo;Periodismo;M
MarotoReyes;oscarlopeztwit;Política;H
MarotoReyes;BarackObama;Política;H
MarotoReyes;franciscopolo;Política;H
MarotoReyes;BeatrizCorredor;Política;M
MarotoReyes;RodriguezPinero;Política;M
MarotoReyes;SimancasRafael;Política;H
MarotoReyes;SocialistesVal;Política;no
MarotoReyes;mariagv;Política;M
MarotoReyes;monicaoltra;Política;M
MarotoReyes;Ibangarciadb;Política;H
MarotoReyes;oscar_puente_;Periodismo;H
MarotoReyes;isauralealf;Política;M
MarotoReyes;ComisionEuropea;Institución;no
MarotoReyes;SSumelzo;Política;M
MarotoReyes;julia_otero;Periodismo;M
MarotoReyes;_anapastor_;Periodismo;M
MarotoReyes;jordievole;Periodismo;H
MarotoReyes;cristina_pardo;Periodismo;M
MarotoReyes;pmklose;Universidad;H
MarotoReyes;Yolanda_Diaz_;Gob;M
MarotoReyes;JesusCintora;Periodismo;H
MarotoReyes;EstefaniaJoaq;Periodismo;H
MarotoReyes;IratxeGarper;Política;M
MarotoReyes;luisacarcedo;Política;M
MarotoReyes;CarlaAntonelli;Política;M
MarotoReyes;mitecogob;Institución;no
MarotoReyes;jmrdezuribes;Gob;H
MarotoReyes;MAECgob;Institución;no
MarotoReyes;justiciagob;Institución;no
MarotoReyes;Ander_Gil;Política;H
MarotoReyes;JosepBorrellF;Política;H
MarotoReyes;CelaaIsabel;Gob;M
MarotoReyes;Teresaribera;Gob;M
MarotoReyes;astro_duque;Gob;H
MarotoReyes;sanidadgob;Institución;no
MarotoReyes;M_Presidencia;Institución;no
MarotoReyes;Adrilastra;Política;M
MarotoReyes;interiorgob;Institución;no
MarotoReyes;mapagob;Institución;no
MarotoReyes;mjmonteroc;Gob;M
MarotoReyes;miqueliceta;Política;H
MarotoReyes;CristinaNarbona;Política;M
MarotoReyes;equipoGabilondo;Política;H
MarotoReyes;empleogob;Institución;no
MarotoReyes;Agenda2030Esp;Política;no
MarotoReyes;F_Armengol;Política;M
MarotoReyes;Haciendagob;Institución;no
MarotoReyes;_minecogob;Institución;no
MarotoReyes;fomentogob;Institución;no
MarotoReyes;Congreso_Es;Institución;H
MarotoReyes;Senadoesp;Institución;no
MarotoReyes;CasaReal;Institución;no
MarotoReyes;gpssenado;Política;no
MarotoReyes;maoliverf;Periodismo;H
MarotoReyes;gpscongreso;Política;no
MarotoReyes;carmencalvo_;Gob;M
MarotoReyes;abalosmeco;Gob;H
MarotoReyes;meritxell_batet;Política;M
MarotoReyes;NadiaCalvino;Gob;M
MarotoReyes;mvalerio_gu;Política;M
MarotoReyes;LuisPlanas;Gob;H
MarotoReyes;mincoturgob;Institución;no
MarotoReyes;desdelamoncloa;Institución;no
MarotoReyes;PSOE;Política;no
MarotoReyes;sanchezcastejon;Gob;H
LuisPlanas;Socialistas_PE;Política;no
LuisPlanas;gpssenado;Política;no
LuisPlanas;SocialistesVal;Política;no
LuisPlanas;gpscongreso;Política;no
LuisPlanas;isauralealf;Política;M
LuisPlanas;Ander_Gil;Política;H
LuisPlanas;guardiacivil;Institución;no
LuisPlanas;luisacarcedo;Política;M
LuisPlanas;maoliverf;Periodismo;H
LuisPlanas;JoaquimBoschGra;Judicatura;H
LuisPlanas;CelaaIsabel;Gob;M
LuisPlanas;astro_duque;Gob;H
LuisPlanas;desdelamoncloa;Institución;no
LuisPlanas;mapagob;Institución;no
LuisPlanas;MarotoReyes;Gob;M
LuisPlanas;mvalerio_gu;Política;M
LuisPlanas;NadiaCalvino;Gob;M
LuisPlanas;Adrilastra;Política;M
LuisPlanas;JosepBorrellF;Política;H
LuisPlanas;abalosmeco;Gob;H
LuisPlanas;MMAROTOVA;Política;M
LuisPlanas;meritxell_batet;Política;M
LuisPlanas;carmencalvo_;Gob;M
LuisPlanas;PiliCancela;Política;M
LuisPlanas;gerardotc;Periodismo;H
LuisPlanas;ramonlobo;Periodismo;H
LuisPlanas;julia_otero;Periodismo;M
LuisPlanas;miqueliceta;Política;H
LuisPlanas;elmundotoday;Humor;no
LuisPlanas;PSOE;Política;no
LuisPlanas;DebatAlRojoVivo;Periodismo;no
LuisPlanas;elconfidencial;Periodismo;no
LuisPlanas;MistralS;Periodismo;M
LuisPlanas;publico_es;Periodismo;no
LuisPlanas;oscarlopeztwit;Política;H
LuisPlanas;forges;Humor;H
LuisPlanas;japtapias;Política;H
LuisPlanas;aliciaguti;Periodismo;M
LuisPlanas;eldiarioes;Periodismo;no
LuisPlanas;ComisionEuropea;Institución;no
LuisPlanas;_Rubalcaba_;Política;H
LuisPlanas;Fgarea;Periodismo;H
LuisPlanas;AHRodicio;Periodismo;H
LuisPlanas;CarmenMonton;Política;M
LuisPlanas;RodriguezPinero;Política;M
LuisPlanas;AAlvarezAlvarez;Política;M
LuisPlanas;PuriCausapi;Política;M
LuisPlanas;Pedro_Zerolo;Política;H
LuisPlanas;_anapastor_;Periodismo;M
LuisPlanas;patxilopez;Política;H
LuisPlanas;iescolar;Periodismo;H
LuisPlanas;europapress;Periodismo;no
LuisPlanas;IratxeGarper;Política;M
LuisPlanas;sanchezcastejon;Gob;H
LuisPlanas;PmOlmos;Política;H
LuisPlanas;SimancasRafael;Política;H
LuisPlanas;ccarnicero;Periodismo;H
LuisPlanas;gomezdcelis;Política;H
LuisPlanas;JoseantonioJun;Política;H
LuisPlanas;iurquizu;Política;H
LuisPlanas;estherpalomera;Periodismo;M
LuisPlanas;javiersolana;Política;H
LuisPlanas;mariagv;Política;M
LuisPlanas;mjmonteroc;Gob;M
LuisPlanas;EduMadina;Política;H
LuisPlanas;GFVara;Política;H
LuisPlanas;MontDeMont;Periodismo;M
LuisPlanas;Teresaribera;Gob;M
LuisPlanas;Moran_Fernandez;Política;H
jmrdezuribes;agarzon;Gob;H
jmrdezuribes;PabloIglesias;Gob;H
jmrdezuribes;EnricJuliana;Periodismo;H
jmrdezuribes;gpssenado;Política;no
jmrdezuribes;lgm_com;Literatura;H
jmrdezuribes;jesusmarana;Periodismo;H
jmrdezuribes;JesusCintora;Periodismo;H
jmrdezuribes;pardodevera;Periodismo;M
jmrdezuribes;NadiaCalvino;Gob;M
jmrdezuribes;luisacarcedo;Política;M
jmrdezuribes;estherpalomera;Periodismo;M
jmrdezuribes;Jccampm;Gob;H
jmrdezuribes;elisabeni;Periodismo;M
jmrdezuribes;VickyRosell;Judicatura;M
jmrdezuribes;GLlamazares;Política;H
jmrdezuribes;anabeldn;Periodismo;M
jmrdezuribes;MarotoReyes;Gob;M
jmrdezuribes;PuriCausapi;Política;M
jmrdezuribes;Moran_Fernandez;Política;H
jmrdezuribes;Ruiz_Noticias;Periodismo;H
jmrdezuribes;meritxell_batet;Política;M
jmrdezuribes;patxilopez;Política;H
jmrdezuribes;JoseantonioJun;Política;H
jmrdezuribes;AmparoRubiales;Política;M
jmrdezuribes;carmencalvo_;Gob;M
jmrdezuribes;nuriamarinlh;Periodismo;M
jmrdezuribes;franciscopolo;Política;H
jmrdezuribes;japtapias;Política;H
jmrdezuribes;Teresaribera;Gob;M
jmrdezuribes;PSOE;Política;no
jmrdezuribes;jmarcos78;Periodismo;H
jmrdezuribes;CristinaNarbona;Política;M
jmrdezuribes;pmklose;Universidad;H
jmrdezuribes;miqueliceta;Política;H
jmrdezuribes;manuelrico;Literatura;H
jmrdezuribes;IratxeGarper;Política;M
jmrdezuribes;Ander_Gil;Política;H
jmrdezuribes;gomezdcelis;Política;H
jmrdezuribes;LuciaMendezEM;Periodismo;M
jmrdezuribes;BeatrizCorredor;Política;M
jmrdezuribes;F_Armengol;Política;M
jmrdezuribes;CarlaAntonelli;Política;M
jmrdezuribes;odonelorza2011;Política;H
jmrdezuribes;luzseijo;Política;M
jmrdezuribes;gpscongreso;Política;no
jmrdezuribes;Pevelasco;Periodismo;M
jmrdezuribes;equipoGabilondo;Política;H
jmrdezuribes;PiliCancela;Política;M
jmrdezuribes;guardiacivil;Institución;no
jmrdezuribes;policia;Institución;no
jmrdezuribes;SSumelzo;Política;M
jmrdezuribes;Adrilastra;Política;M
jmrdezuribes;isauralealf;Política;M
jmrdezuribes;nuriaparlon;Política;M
jmrdezuribes;GFVara;Política;H
jmrdezuribes;cesarluena;Política;H
jmrdezuribes;iescolar;Periodismo;H
jmrdezuribes;abalosmeco;Gob;H
jmrdezuribes;oscar_puente_;Periodismo;H
jmrdezuribes;abrilalvaro;Política;H
jmrdezuribes;PepaBueno;Periodismo;M
jmrdezuribes;SimancasRafael;Política;H
jmrdezuribes;PmOlmos;Política;H
jmrdezuribes;VilaSilva;Literatura;H
jmrdezuribes;jmoisesmartin;Economía;H
jmrdezuribes;kanciller;Universidad;H
jmrdezuribes;anaisbernal;Periodismo;M
jmrdezuribes;gerardotc;Periodismo;H
jmrdezuribes;CarmenMonton;Política;M
jmrdezuribes;mariagv;Política;M
jmrdezuribes;BelenBarreiro_;sociología;M
jmrdezuribes;AAlvarezAlvarez;Política;M
jmrdezuribes;Ibangarciadb;Política;H
jmrdezuribes;SocialistesVal;Política;no
jmrdezuribes;Apapell;Periodismo;H
jmrdezuribes;mvalerio_gu;Política;M
jmrdezuribes;JATorresMora;Política;H
jmrdezuribes;antonigr;Consultor;H
jmrdezuribes;JuanMoscosodelP;Economía;M
jmrdezuribes;EduMadina;Política;H
jmrdezuribes;sanchezcastejon;Gob;H
jmrdezuribes;oscarlopeztwit;Política;H
salvadorilla;dfuentescastro;Universidad;H
salvadorilla;Agenda2030Esp;Política;no
salvadorilla;elpais_espana;Periodismo;no
salvadorilla;fomentogob;Institución;no
salvadorilla;guardiacivil;Institución;no
salvadorilla;interiorgob;Institución;no
salvadorilla;M_Presidencia;Institución;no
salvadorilla;JosepBorrellF;Política;H
salvadorilla;InesArrimadas;Política;M
salvadorilla;nuriaparlon;Política;M
salvadorilla;Adrilastra;Política;M
salvadorilla;abalosmeco;Gob;H
salvadorilla;nuriamarinlh;Periodismo;M
salvadorilla;cesarluena;Política;H
salvadorilla;publico_es;Periodismo;no
salvadorilla;eldiarioes;Periodismo;no
salvadorilla;EFEnoticias;Periodismo;no
salvadorilla;elmundoes;Periodismo;no
salvadorilla;LaVanguardia;Periodismo;no
salvadorilla;elperiodico;Periodismo;no
salvadorilla;PSOE;Política;no
salvadorilla;_Rubalcaba_;Política;H
salvadorilla;meritxell_batet;Política;M
salvadorilla;AdaColau;Política;M
salvadorilla;policia;Institución;no
salvadorilla;sanchezcastejon;Gob;H
salvadorilla;EnricJuliana;Periodismo;H
salvadorilla;carmechacon;Política;M
salvadorilla;antonigr;Consultor;H
salvadorilla;BarackObama;Política;H
salvadorilla;desdelamoncloa;Institución;no
salvadorilla;patxilopez;Política;H
salvadorilla;rtve;Institución;no
salvadorilla;el_pais;Periodismo;no
salvadorilla;miqueliceta;Política;H
salvadorilla;jaumecollboni;Política;H
CarolinaDarias;JosepBorrellF;Política;H
CarolinaDarias;CelaaIsabel;Gob;M
CarolinaDarias;mvalerio_gu;Política;M
CarolinaDarias;NadiaCalvino;Gob;M
CarolinaDarias;mjmonteroc;Gob;M
CarolinaDarias;Haciendagob;Institución;no
CarolinaDarias;_minecogob;Institución;no
CarolinaDarias;Ander_Gil;Política;H
CarolinaDarias;empleogob;Institución;no
CarolinaDarias;mapagob;Institución;no
CarolinaDarias;VickyRosell;Judicatura;M
CarolinaDarias;Congreso_Es;Institución;H
CarolinaDarias;interiorgob;Institución;no
CarolinaDarias;ctxt_es;Periodismo;no
CarolinaDarias;LluisOrriols;Universidad;H
CarolinaDarias;kanciller;Universidad;H
CarolinaDarias;Senadoesp;Institución;no
CarolinaDarias;AntonioMaestre;Periodismo;H
CarolinaDarias;cristina_pardo;Periodismo;M
CarolinaDarias;Agenda2030Esp;Política;no
CarolinaDarias;Socialistas_PE;Política;no
CarolinaDarias;mitecogob;Institución;no
CarolinaDarias;maoliverf;Periodismo;H
CarolinaDarias;astro_duque;Gob;H
CarolinaDarias;Moran_Fernandez;Política;H
CarolinaDarias;PepaBueno;Periodismo;M
CarolinaDarias;IsaiasLafuente;Periodismo;H
CarolinaDarias;SocialistesVal;Política;no
CarolinaDarias;ximopuig;Política;H
CarolinaDarias;radiocable;Periodismo;H
CarolinaDarias;MontDeMont;Periodismo;M
CarolinaDarias;estherpalomera;Periodismo;M
CarolinaDarias;meritxell_batet;Política;M
CarolinaDarias;AmparoRubiales;Política;M
CarolinaDarias;IratxeGarper;Política;M
CarolinaDarias;PabloIglesias;Gob;H
CarolinaDarias;Teresaribera;Gob;M
CarolinaDarias;equipoGabilondo;Política;H
CarolinaDarias;JATorresMora;Política;H
CarolinaDarias;CarlaAntonelli;Política;M
CarolinaDarias;cesarluena;Política;H
CarolinaDarias;eldiarioes;Periodismo;no
CarolinaDarias;pedroblancoa;Periodismo;H
CarolinaDarias;elmundoes;Periodismo;no
CarolinaDarias;gpscongreso;Política;no
CarolinaDarias;europapress;Periodismo;no
CarolinaDarias;ElHuffPost;Periodismo;no
CarolinaDarias;susanadiaz;Política;M
CarolinaDarias;EduMadina;Política;H
CarolinaDarias;CristinaNarbona;Política;M
CarolinaDarias;sanchezcastejon;Gob;H
CarolinaDarias;sextaNoticias;Periodismo;no
CarolinaDarias;SSumelzo;Política;M
CarolinaDarias;CarmenMonton;Política;M
CarolinaDarias;arsenioescolar;Periodismo;H
CarolinaDarias;carmechacon;Política;M
CarolinaDarias;LaVanguardia;Periodismo;no
CarolinaDarias;odonelorza2011;Política;H
CarolinaDarias;antonigr;Consultor;H
CarolinaDarias;iescolar;Periodismo;H
CarolinaDarias;jordievole;Periodismo;H
CarolinaDarias;RodriguezPinero;Política;M
CarolinaDarias;oscarlopeztwit;Política;H
CarolinaDarias;AAlvarezAlvarez;Política;M
CarolinaDarias;ramonlobo;Periodismo;H
CarolinaDarias;PmOlmos;Política;H
CarolinaDarias;SimancasRafael;Política;H
CarolinaDarias;JuanMoscosodelP;Economía;M
CarolinaDarias;PuriCausapi;Política;M
CarolinaDarias;F_Armengol;Política;M
CarolinaDarias;MartaNebot;Periodismo;M
CarolinaDarias;maximohuerta;Periodismo;H
CarolinaDarias;marianorajoy;Política;H
CarolinaDarias;basteiro;Periodismo;H
CarolinaDarias;JesusCintora;Periodismo;H
CarolinaDarias;policia;Institución;no
CarolinaDarias;Lagarde;Política;M
CarolinaDarias;BeatrizCorredor;Política;M
CarolinaDarias;elconfidencial;Periodismo;no
CarolinaDarias;JoseantonioJun;Política;H
CarolinaDarias;_Rubalcaba_;Política;H
CarolinaDarias;Fgarea;Periodismo;H
CarolinaDarias;jesusmarana;Periodismo;H
CarolinaDarias;julia_otero;Periodismo;M
CarolinaDarias;forges;Humor;H
CarolinaDarias;sorayasds;Política;M
CarolinaDarias;_anapastor_;Periodismo;M
CarolinaDarias;miqueliceta;Política;H
CarolinaDarias;ccarnicero;Periodismo;H
CarolinaDarias;mariagv;Política;M
CarolinaDarias;carlosecue;Periodismo;H
CarolinaDarias;antonlosada;Universidad;H
CarolinaDarias;javiersolana;Política;H
CarolinaDarias;AngelsBarcelo;Periodismo;M
CarolinaDarias;patxilopez;Política;H
CarolinaDarias;La_SER;Periodismo;no
CarolinaDarias;Buenafuente;Humor;H
CarolinaDarias;pardodevera;Periodismo;M
CarolinaDarias;BarackObama;Política;H
CarolinaDarias;EFEnoticias;Periodismo;no
CarolinaDarias;GFVara;Política;H
CarolinaDarias;sevillajordi;Política;H
CarolinaDarias;Programas_PSOE;Política;no
CarolinaDarias;publico_es;Periodismo;no
CarolinaDarias;gpssenado;Política;no
CarolinaDarias;PSOE;Política;no
CarolinaDarias;Pedro_Zerolo;Política;H
CarolinaDarias;el_pais;Periodismo;no
CarolinaDarias;desdelamoncloa;Institución;no
joseluisescriva;Haciendagob;Institución;no
joseluisescriva;_minecogob;Institución;no
Jccampm;LuciaMendezEM;Periodismo;M
Jccampm;La_SER;Periodismo;no
Jccampm;LaVanguardia;Periodismo;no
Jccampm;LuisPlanas;Gob;H
Jccampm;jaumecollboni;Política;H
Jccampm;EnricJuliana;Periodismo;H
Jccampm;mvalerio_gu;Política;M
Jccampm;carmencalvo_;Gob;M
Jccampm;meritxell_batet;Política;M
Jccampm;equipoGabilondo;Política;H
Jccampm;patxilopez;Política;H
Jccampm;oscar_puente_;Periodismo;H
Jccampm;VickyRosell;Judicatura;M
Jccampm;BeatrizCorredor;Política;M
Jccampm;jmrdezuribes;Gob;H
Jccampm;JosepBorrellF;Política;H
Jccampm;lgm_com;Literatura;H
Jccampm;isauralealf;Política;M
Jccampm;SSumelzo;Política;M
Jccampm;gomezdcelis;Política;H
Jccampm;mariagv;Política;M
Jccampm;maoliverf;Periodismo;H
Jccampm;AHRodicio;Periodismo;H
Jccampm;elisabeni;Periodismo;M
Jccampm;Ander_Gil;Política;H
Jccampm;SimancasRafael;Política;H
Jccampm;oscarlopeztwit;Política;H
Jccampm;Adrilastra;Política;M
Jccampm;PSOE;Política;no
Jccampm;Congreso_Es;Institución;H
Jccampm;manuelrico;Literatura;H
Jccampm;BarackObama;Política;H
Jccampm;JATorresMora;Política;H
Jccampm;EduMadina;Política;H
Jccampm;EstefaniaJoaq;Periodismo;H
Jccampm;nuriaparlon;Política;M
Jccampm;iurquizu;Política;H
Jccampm;VilaSilva;Literatura;H
Jccampm;JuanMoscosodelP;Economía;M
Jccampm;abalosmeco;Gob;H
Jccampm;AAlvarezAlvarez;Política;M
Jccampm;carmechacon;Política;M
Jccampm;gpscongreso;Política;no
Jccampm;europapress;Periodismo;no
Jccampm;guardiacivil;Institución;no
Jccampm;mjmonteroc;Gob;M
Jccampm;policia;Institución;no
Jccampm;julia_otero;Periodismo;M
Jccampm;_anapastor_;Periodismo;M
Jccampm;eldiarioes;Periodismo;no
Jccampm;iescolar;Periodismo;H
Jccampm;elespanolcom;Periodismo;no
Jccampm;javiersolana;Política;H
Jccampm;carlosecue;Periodismo;H
Jccampm;pedroblancoa;Periodismo;H
Jccampm;estherpalomera;Periodismo;M
Jccampm;antonlosada;Universidad;H
Jccampm;Fgarea;Periodismo;H
Jccampm;susanadiaz;Política;M
Jccampm;el_pais;Periodismo;no
Jccampm;sanchezcastejon;Gob;H
